job_id,title,company,location,domain
1,NLP Engineer Intern,Flipkart,"Jaipur, India",AI/ML
2,Data Science Intern,Yulu,"Kolkata, India",AI/ML
3,AI Product Intern,Niyo,"Ahmedabad, India",AI/ML
4,AI Safety Intern,Hasura,"Noida, India",AI/ML
5,AI/ML Developer Intern,Springboard,"Delhi, India",AI/ML
6,Reinforcement Learning Intern,Zepto,"Chennai, India",AI/ML
7,Speech Recognition Intern,KreditBee,"Mumbai, India",AI/ML
8,Data Science Engineer Intern,Ola Electric,"Hyderabad, India",AI/ML
9,Data Science Intern,Setu,"Indore, India",AI/ML
10,Data Science Engineer Intern,HCL,"Chennai, India",AI/ML
11,Data Science Intern,Ninjacart,"Remote, India",AI/ML
12,Deep Learning Intern,Capgemini,"Kolkata, India",AI/ML
13,AI/ML Developer Intern,Razorpay,"Hyderabad, India",AI/ML
14,Data Science Intern,Chargebee,"Coimbatore, India",AI/ML
15,Reinforcement Learning Intern,Practo,"Noida, India",AI/ML
16,Generative AI Intern,FarEye,"Ahmedabad, India",AI/ML
17,Computer Vision Intern,Jupiter,"Noida, India",AI/ML
18,Deep Learning Intern,Docprime,"Kolkata, India",AI/ML
19,Generative AI Intern,Kissht,"Indore, India",AI/ML
20,Generative AI Intern,Practo,"Chennai, India",AI/ML
21,Speech Recognition Intern,Google India,"Jaipur, India",AI/ML
22,ML Engineer Intern,FreshToHome,"Gurgaon, India",AI/ML
23,Machine Learning Intern,Vogo,"Chennai, India",AI/ML
24,AI Product Intern,Razorpay,"Hyderabad, India",AI/ML
25,Computer Vision Intern,1mg,"Noida, India",AI/ML
26,MLOps Intern,MoneyTap,"Chandigarh, India",AI/ML
27,Data Science Engineer Intern,Intel India,"Coimbatore, India",AI/ML
28,Machine Learning Intern,Yulu,"Gurgaon, India",AI/ML
29,Data Science Intern,Fractal Analytics,"Remote, India",AI/ML
30,AI/ML Developer Intern,PhonePe,"Gurgaon, India",AI/ML
31,MLOps Intern,MoneyTap,"Delhi, India",AI/ML
32,NLP Engineer Intern,Zepto,"Remote, India",AI/ML
33,AI Research Intern,MFine,"Remote, India",AI/ML
34,NLP Engineer Intern,BYJU'S,"Hyderabad, India",AI/ML
35,AI Safety Intern,Mphasis,"Pune, India",AI/ML
36,NLP Engineer Intern,CRED,"Remote, India",AI/ML
37,Recommendation Systems Intern,Mindtree,"Hyderabad, India",AI/ML
38,Reinforcement Learning Intern,upGrad,"Coimbatore, India",AI/ML
39,Recommendation Systems Intern,Wipro,"Hyderabad, India",AI/ML
40,AI Research Intern,FarEye,"Chennai, India",AI/ML
41,Deep Learning Intern,Razorpay,"Gurgaon, India",AI/ML
42,Data Science Intern,MFine,"Indore, India",AI/ML
43,AI Product Intern,Bounce,"Ahmedabad, India",AI/ML
44,AI/ML Developer Intern,upGrad,"Hyderabad, India",AI/ML
45,Computer Vision Intern,Netmeds,"Remote, India",AI/ML
46,Speech Recognition Intern,AgroStar,"Ahmedabad, India",AI/ML
47,Generative AI Intern,Zoho,"Coimbatore, India",AI/ML
48,Deep Learning Intern,Intel India,"Indore, India",AI/ML
49,Machine Learning Intern,Netmeds,"Indore, India",AI/ML
50,NLP Engineer Intern,Groww,"Jaipur, India",AI/ML
51,AI/ML Developer Intern,Druva,"Remote, India",AI/ML
52,AI Safety Intern,Springboard,"Bangalore, India",AI/ML
53,Generative AI Intern,HCL,"Jaipur, India",AI/ML
54,NLP Engineer Intern,PhonePe,"Coimbatore, India",AI/ML
55,Computer Vision Intern,Nvidia India,"Delhi, India",AI/ML
56,Data Science Engineer Intern,Druva,"Remote, India",AI/ML
57,AI Safety Intern,AgroStar,"Jaipur, India",AI/ML
58,Machine Learning Intern,Persistent Systems,"Jaipur, India",AI/ML
59,Generative AI Intern,HCL,"Chandigarh, India",AI/ML
60,MLOps Intern,Accenture,"Chennai, India",AI/ML
61,Reinforcement Learning Intern,BlackBuck,"Pune, India",AI/ML
62,Reinforcement Learning Intern,MFine,"Indore, India",AI/ML
63,Generative AI Intern,Ola,"Mumbai, India",AI/ML
64,NLP Engineer Intern,boAt,"Coimbatore, India",AI/ML
65,Machine Learning Intern,Fi Money,"Coimbatore, India",AI/ML
66,Data Science Intern,Netmeds,"Coimbatore, India",AI/ML
67,ML Engineer Intern,Niyo,"Pune, India",AI/ML
68,Computer Vision Intern,Postman,"Kolkata, India",AI/ML
69,ML Engineer Intern,IBM India,"Gurgaon, India",AI/ML
70,AI/ML Developer Intern,Capgemini,"Noida, India",AI/ML
71,Shopify Developer Intern,Rivigo,"Delhi, India",Web Development
72,Next.js Developer Intern,BlackBuck,"Mumbai, India",Web Development
73,Shopify Developer Intern,BrowserStack,"Delhi, India",Web Development
74,Next.js Developer Intern,PhonePe,"Noida, India",Web Development
75,Vue.js Developer Intern,IBM India,"Hyderabad, India",Web Development
76,Shopify Developer Intern,Adobe India,"Hyderabad, India",Web Development
77,Django Developer Intern,BYJU'S,"Coimbatore, India",Web Development
78,Django Developer Intern,EarlySalary,"Ahmedabad, India",Web Development
79,Web Performance Intern,Kissht,"Noida, India",Web Development
80,Shopify Developer Intern,BYJU'S,"Indore, India",Web Development
81,Node.js Developer Intern,Intel India,"Mumbai, India",Web Development
82,Backend Developer Intern,Infosys,"Delhi, India",Web Development
83,Backend Developer Intern,Salesforce India,"Kolkata, India",Web Development
84,React Developer Intern,Salesforce India,"Kolkata, India",Web Development
85,Node.js Developer Intern,Loginext,"Kolkata, India",Web Development
86,React Developer Intern,Scaler,"Kolkata, India",Web Development
87,Angular Developer Intern,IBM India,"Jaipur, India",Web Development
88,Django Developer Intern,Flipkart,"Coimbatore, India",Web Development
89,Angular Developer Intern,Adobe India,"Delhi, India",Web Development
90,Web Developer Intern,Chargebee,"Noida, India",Web Development
91,Node.js Developer Intern,Swiggy,"Noida, India",Web Development
92,React Developer Intern,PharmEasy,"Mumbai, India",Web Development
93,Full Stack Developer Intern,Unacademy,"Delhi, India",Web Development
94,Vue.js Developer Intern,Sigmoid,"Pune, India",Web Development
95,Backend Developer Intern,Bounce,"Bangalore, India",Web Development
96,Backend Developer Intern,Yulu,"Jaipur, India",Web Development
97,Shopify Developer Intern,Freshworks,"Chandigarh, India",Web Development
98,Web Developer Intern,Paytm,"Gurgaon, India",Web Development
99,JavaScript Developer Intern,Lenskart,"Remote, India",Web Development
100,Angular Developer Intern,Scaler,"Ahmedabad, India",Web Development
101,Web Developer Intern,BYJU'S,"Indore, India",Web Development
102,Shopify Developer Intern,Capgemini,"Ahmedabad, India",Web Development
103,Web Performance Intern,Delhivery,"Delhi, India",Web Development
104,Node.js Developer Intern,Vogo,"Jaipur, India",Web Development
105,Backend Developer Intern,Unacademy,"Jaipur, India",Web Development
106,WordPress Developer Intern,Mphasis,"Noida, India",Web Development
107,JavaScript Developer Intern,Vedic Gradients,"Hyderabad, India",Web Development
108,Django Developer Intern,slice,"Chennai, India",Web Development
109,Node.js Developer Intern,Josh Talks,"Pune, India",Web Development
110,Backend Developer Intern,FarEye,"Gurgaon, India",Web Development
111,Shopify Developer Intern,slice,"Ahmedabad, India",Web Development
112,Web Developer Intern,Persistent Systems,"Pune, India",Web Development
113,Frontend Developer Intern,CRED,"Gurgaon, India",Web Development
114,Web Performance Intern,Microsoft India,"Ahmedabad, India",Web Development
115,Frontend Developer Intern,Vedantu,"Indore, India",Web Development
116,Backend Developer Intern,Ola Electric,"Remote, India",Web Development
117,React Developer Intern,Freshworks,"Gurgaon, India",Web Development
118,Vue.js Developer Intern,Intel India,"Pune, India",Web Development
119,Next.js Developer Intern,Rivigo,"Mumbai, India",Web Development
120,Angular Developer Intern,Swiggy,"Delhi, India",Web Development
121,Full Stack Developer Intern,Google India,"Kolkata, India",Web Development
122,React Developer Intern,InMobi,"Jaipur, India",Web Development
123,Node.js Developer Intern,BigHaat,"Ahmedabad, India",Web Development
124,Angular Developer Intern,Wipro,"Coimbatore, India",Web Development
125,Shopify Developer Intern,Josh Talks,"Ahmedabad, India",Web Development
126,Node.js Developer Intern,Niyo,"Gurgaon, India",Web Development
127,JavaScript Developer Intern,Rivigo,"Chennai, India",Web Development
128,Web Performance Intern,Ola Electric,"Ahmedabad, India",Web Development
129,Frontend Developer Intern,Loginext,"Delhi, India",Web Development
130,Full Stack Developer Intern,Bounce,"Kolkata, India",Web Development
131,Web Developer Intern,Netmeds,"Mumbai, India",Web Development
132,Node.js Developer Intern,1mg,"Kolkata, India",Web Development
133,Web Developer Intern,Zerodha,"Chandigarh, India",Web Development
134,Vue.js Developer Intern,Oracle India,"Bangalore, India",Web Development
135,Shopify Developer Intern,Hexaware,"Remote, India",Web Development
136,Mobile App Developer Intern,InMobi,"Noida, India",Android Development
137,Mobile App Developer Intern,Josh Talks,"Gurgaon, India",Android Development
138,Kotlin Developer Intern,Zerodha,"Noida, India",Android Development
139,Android SDK Intern,Fractal Analytics,"Pune, India",Android Development
140,Android SDK Intern,TCS,"Kolkata, India",Android Development
141,React Native Developer Intern,Salesforce India,"Chennai, India",Android Development
142,App Performance Intern,Bounce,"Remote, India",Android Development
143,iOS Developer Intern,Kissht,"Chandigarh, India",Android Development
144,Kotlin Developer Intern,Ola Electric,"Kolkata, India",Android Development
145,Mobile UI Developer Intern,Fractal Analytics,"Coimbatore, India",Android Development
146,Mobile App Developer Intern,Niyo,"Ahmedabad, India",Android Development
147,Android Developer Intern,Locus,"Delhi, India",Android Development
148,iOS Developer Intern,AgroStar,"Jaipur, India",Android Development
149,Mobile UI Developer Intern,MoneyTap,"Bangalore, India",Android Development
150,Flutter Developer Intern,Nvidia India,"Mumbai, India",Android Development
151,Android Developer Intern,Zomato,"Chennai, India",Android Development
152,Cross Platform Developer Intern,TCS,"Hyderabad, India",Android Development
153,App Performance Intern,Mamaearth,"Ahmedabad, India",Android Development
154,React Native Developer Intern,Accenture,"Pune, India",Android Development
155,Mobile UI Developer Intern,Rapido,"Ahmedabad, India",Android Development
156,Kotlin Developer Intern,boAt,"Indore, India",Android Development
157,App Performance Intern,ShareChat,"Jaipur, India",Android Development
158,App Performance Intern,Docprime,"Chandigarh, India",Android Development
159,iOS Developer Intern,Hasura,"Remote, India",Android Development
160,Android Developer Intern,Josh Talks,"Chandigarh, India",Android Development
161,React Native Developer Intern,Delhivery,"Jaipur, India",Android Development
162,Android SDK Intern,Niyo,"Coimbatore, India",Android Development
163,iOS Developer Intern,Zerodha,"Noida, India",Android Development
164,Android SDK Intern,Lenskart,"Mumbai, India",Android Development
165,iOS Developer Intern,MFine,"Jaipur, India",Android Development
166,Kotlin Developer Intern,Cognizant,"Bangalore, India",Android Development
167,Mobile UI Developer Intern,Sigmoid,"Pune, India",Android Development
168,React Native Developer Intern,Hexaware,"Mumbai, India",Android Development
169,Cross Platform Developer Intern,Accenture,"Chennai, India",Android Development
170,Flutter Developer Intern,Mphasis,"Ahmedabad, India",Android Development
171,Mobile UI Developer Intern,Intel India,"Hyderabad, India",Android Development
172,Cross Platform Developer Intern,Springboard,"Hyderabad, India",Android Development
173,App Performance Intern,Amazon India,"Bangalore, India",Android Development
174,Android SDK Intern,Druva,"Ahmedabad, India",Android Development
175,App Performance Intern,Google India,"Pune, India",Android Development
176,Mobile App Developer Intern,Zerodha,"Remote, India",Android Development
177,Kotlin Developer Intern,Yulu,"Chennai, India",Android Development
178,Mobile App Developer Intern,Rivigo,"Kolkata, India",Android Development
179,iOS Developer Intern,Jupiter,"Ahmedabad, India",Android Development
180,App Performance Intern,Zomato,"Jaipur, India",Android Development
181,Mobile UI Developer Intern,IBM India,"Kolkata, India",Android Development
182,Flutter Developer Intern,Delhivery,"Ahmedabad, India",Android Development
183,App Performance Intern,FreshToHome,"Ahmedabad, India",Android Development
184,Android SDK Intern,Ninjacart,"Kolkata, India",Android Development
185,Cross Platform Developer Intern,Qualcomm India,"Coimbatore, India",Android Development
186,Data Warehouse Intern,Salesforce India,"Jaipur, India",Data Engineering
187,Analytics Engineer Intern,Nykaa,"Delhi, India",Data Engineering
188,Big Data Intern,EarlySalary,"Bangalore, India",Data Engineering
189,Database Engineer Intern,Netmeds,"Chandigarh, India",Data Engineering
190,ETL Developer Intern,Ola Electric,"Gurgaon, India",Data Engineering
191,Data Pipeline Intern,Groww,"Chennai, India",Data Engineering
192,Data Warehouse Intern,EarlySalary,"Chandigarh, India",Data Engineering
193,Stream Processing Intern,1mg,"Indore, India",Data Engineering
194,Database Engineer Intern,Google India,"Delhi, India",Data Engineering
195,ETL Developer Intern,TCS,"Jaipur, India",Data Engineering
196,Data Warehouse Intern,Accenture,"Chennai, India",Data Engineering
197,Stream Processing Intern,Vogo,"Mumbai, India",Data Engineering
198,Data Engineer Intern,MFine,"Mumbai, India",Data Engineering
199,Stream Processing Intern,Intel India,"Kolkata, India",Data Engineering
200,Data Warehouse Intern,Zerodha,"Pune, India",Data Engineering
201,Data Engineer Intern,Hasura,"Kolkata, India",Data Engineering
202,Analytics Engineer Intern,ShareChat,"Chennai, India",Data Engineering
203,Big Data Intern,Zoho,"Kolkata, India",Data Engineering
204,ETL Developer Intern,Samsung India,"Indore, India",Data Engineering
205,Database Engineer Intern,Ola Electric,"Kolkata, India",Data Engineering
206,Data Warehouse Intern,Amazon India,"Chennai, India",Data Engineering
207,ETL Developer Intern,Nvidia India,"Indore, India",Data Engineering
208,Data Warehouse Intern,slice,"Mumbai, India",Data Engineering
209,ETL Developer Intern,Jupiter,"Remote, India",Data Engineering
210,Database Engineer Intern,Elasticrun,"Indore, India",Data Engineering
211,Big Data Intern,Ninjacart,"Delhi, India",Data Engineering
212,Stream Processing Intern,Bounce,"Noida, India",Data Engineering
213,BI Developer Intern,Paytm,"Noida, India",Data Engineering
214,Data Engineer Intern,Urban Company,"Gurgaon, India",Data Engineering
215,Data Engineer Intern,Nykaa,"Indore, India",Data Engineering
216,Data Warehouse Intern,Capgemini,"Ahmedabad, India",Data Engineering
217,Database Engineer Intern,Ninjacart,"Noida, India",Data Engineering
218,ETL Developer Intern,Niyo,"Remote, India",Data Engineering
219,BI Developer Intern,slice,"Gurgaon, India",Data Engineering
220,Database Engineer Intern,MFine,"Ahmedabad, India",Data Engineering
221,Database Engineer Intern,Zepto,"Gurgaon, India",Data Engineering
222,Big Data Intern,BlackBuck,"Mumbai, India",Data Engineering
223,Data Warehouse Intern,Zoho,"Ahmedabad, India",Data Engineering
224,Database Engineer Intern,Zoho,"Remote, India",Data Engineering
225,Data Infrastructure Intern,Lenskart,"Bangalore, India",Data Engineering
226,BI Developer Intern,Postman,"Hyderabad, India",Data Engineering
227,ETL Developer Intern,Niyo,"Chandigarh, India",Data Engineering
228,Big Data Intern,Vogo,"Kolkata, India",Data Engineering
229,Data Engineer Intern,Oracle India,"Chennai, India",Data Engineering
230,Data Pipeline Intern,Josh Talks,"Chandigarh, India",Data Engineering
231,Kubernetes Intern,Capgemini,"Chandigarh, India",Cloud & DevOps
232,Site Reliability Intern,BrowserStack,"Chandigarh, India",Cloud & DevOps
233,Platform Engineer Intern,Groww,"Jaipur, India",Cloud & DevOps
234,Kubernetes Intern,Jupiter,"Delhi, India",Cloud & DevOps
235,DevOps Intern,Salesforce India,"Bangalore, India",Cloud & DevOps
236,Cloud Engineer Intern,Nykaa,"Hyderabad, India",Cloud & DevOps
237,Site Reliability Intern,Infosys,"Bangalore, India",Cloud & DevOps
238,Cloud Security Intern,Google India,"Coimbatore, India",Cloud & DevOps
239,Site Reliability Intern,Kissht,"Jaipur, India",Cloud & DevOps
240,AWS Cloud Intern,Freshworks,"Bangalore, India",Cloud & DevOps
241,Cloud Engineer Intern,Zerodha,"Indore, India",Cloud & DevOps
242,Cloud Security Intern,Unacademy,"Jaipur, India",Cloud & DevOps
243,Cloud Security Intern,Urban Company,"Hyderabad, India",Cloud & DevOps
244,Cloud Engineer Intern,slice,"Gurgaon, India",Cloud & DevOps
245,DevOps Intern,FreshToHome,"Kolkata, India",Cloud & DevOps
246,Azure Developer Intern,Unacademy,"Jaipur, India",Cloud & DevOps
247,DevOps Intern,Urban Company,"Gurgaon, India",Cloud & DevOps
248,CI/CD Engineer Intern,Mphasis,"Chandigarh, India",Cloud & DevOps
249,AWS Cloud Intern,BrowserStack,"Bangalore, India",Cloud & DevOps
250,Platform Engineer Intern,Samsung India,"Indore, India",Cloud & DevOps
251,Azure Developer Intern,CRED,"Indore, India",Cloud & DevOps
252,GCP Engineer Intern,FarEye,"Noida, India",Cloud & DevOps
253,Azure Developer Intern,Fi Money,"Pune, India",Cloud & DevOps
254,Cloud Security Intern,Mphasis,"Gurgaon, India",Cloud & DevOps
255,CI/CD Engineer Intern,ShareChat,"Pune, India",Cloud & DevOps
256,Azure Developer Intern,Qualcomm India,"Bangalore, India",Cloud & DevOps
257,Cloud Engineer Intern,Netmeds,"Remote, India",Cloud & DevOps
258,Site Reliability Intern,Ninjacart,"Remote, India",Cloud & DevOps
259,CI/CD Engineer Intern,Lenskart,"Chennai, India",Cloud & DevOps
260,Azure Developer Intern,Nykaa,"Noida, India",Cloud & DevOps
261,Azure Developer Intern,Samsung India,"Chennai, India",Cloud & DevOps
262,Kubernetes Intern,Fi Money,"Kolkata, India",Cloud & DevOps
263,Cloud Security Intern,InMobi,"Jaipur, India",Cloud & DevOps
264,Kubernetes Intern,Persistent Systems,"Coimbatore, India",Cloud & DevOps
265,Platform Engineer Intern,MoneyTap,"Pune, India",Cloud & DevOps
266,Infrastructure Intern,Freshworks,"Hyderabad, India",Cloud & DevOps
267,Azure Developer Intern,Kissht,"Ahmedabad, India",Cloud & DevOps
268,Cloud Engineer Intern,Josh Talks,"Kolkata, India",Cloud & DevOps
269,Site Reliability Intern,Shiprocket,"Remote, India",Cloud & DevOps
270,Azure Developer Intern,Zoho,"Coimbatore, India",Cloud & DevOps
271,Platform Engineer Intern,Razorpay,"Indore, India",Cloud & DevOps
272,Site Reliability Intern,HCL,"Chennai, India",Cloud & DevOps
273,AWS Cloud Intern,BrowserStack,"Remote, India",Cloud & DevOps
274,Platform Engineer Intern,Practo,"Delhi, India",Cloud & DevOps
275,DevOps Intern,Swiggy,"Bangalore, India",Cloud & DevOps
276,Kubernetes Intern,BigHaat,"Gurgaon, India",Cloud & DevOps
277,CI/CD Engineer Intern,IBM India,"Pune, India",Cloud & DevOps
278,GCP Engineer Intern,Mindtree,"Noida, India",Cloud & DevOps
279,Azure Developer Intern,Mu Sigma,"Chennai, India",Cloud & DevOps
280,Platform Engineer Intern,Groww,"Chennai, India",Cloud & DevOps
281,Kubernetes Intern,BYJU'S,"Delhi, India",Cloud & DevOps
282,Cloud Security Intern,Salesforce India,"Hyderabad, India",Cloud & DevOps
283,Infrastructure Intern,HCL,"Noida, India",Cloud & DevOps
284,Cloud Engineer Intern,Samsung India,"Gurgaon, India",Cloud & DevOps
285,DevOps Intern,CRED,"Pune, India",Cloud & DevOps
286,Cybersecurity Intern,Groww,"Kolkata, India",Cybersecurity
287,Application Security Intern,Lenskart,"Bangalore, India",Cybersecurity
288,SOC Analyst Intern,PhonePe,"Kolkata, India",Cybersecurity
289,Threat Intelligence Intern,Freshworks,"Delhi, India",Cybersecurity
290,Network Security Intern,EarlySalary,"Chennai, India",Cybersecurity
291,Cybersecurity Intern,Zomato,"Bangalore, India",Cybersecurity
292,Incident Response Intern,Wipro,"Ahmedabad, India",Cybersecurity
293,Ethical Hacking Intern,Samsung India,"Ahmedabad, India",Cybersecurity
294,Malware Analyst Intern,Mphasis,"Jaipur, India",Cybersecurity
295,Network Security Intern,MFine,"Mumbai, India",Cybersecurity
296,SOC Analyst Intern,PharmEasy,"Chandigarh, India",Cybersecurity
297,Malware Analyst Intern,BigHaat,"Jaipur, India",Cybersecurity
298,Cybersecurity Intern,Ola Electric,"Jaipur, India",Cybersecurity
299,Network Security Intern,Salesforce India,"Delhi, India",Cybersecurity
300,Threat Intelligence Intern,Cognizant,"Indore, India",Cybersecurity
301,Network Security Intern,1mg,"Noida, India",Cybersecurity
302,Network Security Intern,MoneyTap,"Chennai, India",Cybersecurity
303,Malware Analyst Intern,Dailyhunt,"Hyderabad, India",Cybersecurity
304,Incident Response Intern,Shiprocket,"Noida, India",Cybersecurity
305,Malware Analyst Intern,Mamaearth,"Coimbatore, India",Cybersecurity
306,SOC Analyst Intern,Mu Sigma,"Mumbai, India",Cybersecurity
307,Penetration Testing Intern,BrowserStack,"Indore, India",Cybersecurity
308,Threat Intelligence Intern,Unacademy,"Hyderabad, India",Cybersecurity
309,Penetration Testing Intern,CRED,"Mumbai, India",Cybersecurity
310,Ethical Hacking Intern,Google India,"Gurgaon, India",Cybersecurity
311,Penetration Testing Intern,Loginext,"Pune, India",Cybersecurity
312,Security Analyst Intern,PharmEasy,"Ahmedabad, India",Cybersecurity
313,Ethical Hacking Intern,Ola,"Indore, India",Cybersecurity
314,SOC Analyst Intern,Ola,"Bangalore, India",Cybersecurity
315,Malware Analyst Intern,slice,"Noida, India",Cybersecurity
316,Penetration Testing Intern,Zerodha,"Chennai, India",Cybersecurity
317,Ethical Hacking Intern,Microsoft India,"Jaipur, India",Cybersecurity
318,Application Security Intern,Adobe India,"Gurgaon, India",Cybersecurity
319,Ethical Hacking Intern,Infosys,"Noida, India",Cybersecurity
320,Penetration Testing Intern,Qualcomm India,"Chandigarh, India",Cybersecurity
321,Threat Intelligence Intern,Microsoft India,"Pune, India",Cybersecurity
322,Incident Response Intern,Josh Talks,"Delhi, India",Cybersecurity
323,SOC Analyst Intern,Nykaa,"Ahmedabad, India",Cybersecurity
324,Ethical Hacking Intern,Accenture,"Jaipur, India",Cybersecurity
325,Malware Analyst Intern,Netmeds,"Indore, India",Cybersecurity
326,Brand Designer Intern,slice,"Jaipur, India",UI/UX Design
327,UI/UX Designer Intern,Kissht,"Coimbatore, India",UI/UX Design
328,Figma Designer Intern,Fi Money,"Noida, India",UI/UX Design
329,Brand Designer Intern,Meesho,"Coimbatore, India",UI/UX Design
330,Design Systems Intern,Salesforce India,"Noida, India",UI/UX Design
331,UI/UX Designer Intern,Samsung India,"Pune, India",UI/UX Design
332,UI/UX Designer Intern,Adobe India,"Chennai, India",UI/UX Design
333,UI/UX Designer Intern,InMobi,"Kolkata, India",UI/UX Design
334,Motion Designer Intern,Nykaa,"Coimbatore, India",UI/UX Design
335,Product Designer Intern,Docprime,"Remote, India",UI/UX Design
336,UX Research Intern,KreditBee,"Kolkata, India",UI/UX Design
337,Visual Designer Intern,Capgemini,"Remote, India",UI/UX Design
338,Brand Designer Intern,Rapido,"Delhi, India",UI/UX Design
339,Product Designer Intern,Ola,"Chandigarh, India",UI/UX Design
340,Interaction Designer Intern,Paytm,"Mumbai, India",UI/UX Design
341,UI/UX Designer Intern,BYJU'S,"Jaipur, India",UI/UX Design
342,Design Systems Intern,Chargebee,"Chandigarh, India",UI/UX Design
343,Interaction Designer Intern,Elasticrun,"Ahmedabad, India",UI/UX Design
344,Design Systems Intern,Hasura,"Kolkata, India",UI/UX Design
345,UX Research Intern,BigHaat,"Remote, India",UI/UX Design
346,Motion Designer Intern,slice,"Chennai, India",UI/UX Design
347,UX Research Intern,Loginext,"Gurgaon, India",UI/UX Design
348,UX Research Intern,Capgemini,"Coimbatore, India",UI/UX Design
349,Design Systems Intern,Infosys,"Kolkata, India",UI/UX Design
350,Product Designer Intern,Qualcomm India,"Indore, India",UI/UX Design
351,UI/UX Designer Intern,Scaler,"Kolkata, India",UI/UX Design
352,Design Systems Intern,Chargebee,"Noida, India",UI/UX Design
353,Interaction Designer Intern,Postman,"Jaipur, India",UI/UX Design
354,User Research Intern,Fractal Analytics,"Hyderabad, India",UI/UX Design
355,Visual Designer Intern,Mamaearth,"Noida, India",UI/UX Design
356,Brand Designer Intern,Capgemini,"Mumbai, India",UI/UX Design
357,Figma Designer Intern,Shiprocket,"Kolkata, India",UI/UX Design
358,UI/UX Designer Intern,upGrad,"Gurgaon, India",UI/UX Design
359,Interaction Designer Intern,Mamaearth,"Ahmedabad, India",UI/UX Design
360,Figma Designer Intern,Vedantu,"Chandigarh, India",UI/UX Design
361,Figma Designer Intern,Tech Mahindra,"Delhi, India",UI/UX Design
362,Design Systems Intern,Ola,"Indore, India",UI/UX Design
363,Motion Designer Intern,Infosys,"Indore, India",UI/UX Design
364,Interaction Designer Intern,Niyo,"Noida, India",UI/UX Design
365,User Research Intern,Mindtree,"Remote, India",UI/UX Design
366,Spring Boot Intern,Microsoft India,"Bangalore, India",Backend Development
367,Database Intern,MFine,"Kolkata, India",Backend Development
368,Java Developer Intern,Unacademy,"Hyderabad, India",Backend Development
369,API Developer Intern,Nykaa,"Kolkata, India",Backend Development
370,System Design Intern,Swiggy,"Remote, India",Backend Development
371,Ruby on Rails Intern,Cognizant,"Bangalore, India",Backend Development
372,System Design Intern,BlackBuck,"Ahmedabad, India",Backend Development
373,Python Backend Intern,Vedic Gradients,"Coimbatore, India",Backend Development
374,Ruby on Rails Intern,Ather Energy,"Remote, India",Backend Development
375,Python Backend Intern,Yulu,"Delhi, India",Backend Development
376,Scala Developer Intern,boAt,"Remote, India",Backend Development
377,Database Intern,Rapido,"Bangalore, India",Backend Development
378,Go Developer Intern,Ninjacart,"Chandigarh, India",Backend Development
379,FastAPI Developer Intern,Mphasis,"Hyderabad, India",Backend Development
380,System Design Intern,Bounce,"Remote, India",Backend Development
381,Database Intern,PhonePe,"Mumbai, India",Backend Development
382,Go Developer Intern,Lenskart,"Mumbai, India",Backend Development
383,Go Developer Intern,Scaler,"Mumbai, India",Backend Development
384,FastAPI Developer Intern,EarlySalary,"Gurgaon, India",Backend Development
385,Ruby on Rails Intern,Meesho,"Ahmedabad, India",Backend Development
386,Spring Boot Intern,Swiggy,"Jaipur, India",Backend Development
387,Java Developer Intern,Infosys,"Pune, India",Backend Development
388,Java Developer Intern,Nvidia India,"Pune, India",Backend Development
389,Microservices Intern,BYJU'S,"Jaipur, India",Backend Development
390,Java Developer Intern,Dailyhunt,"Bangalore, India",Backend Development
391,FastAPI Developer Intern,BlackBuck,"Kolkata, India",Backend Development
392,FastAPI Developer Intern,Shiprocket,"Delhi, India",Backend Development
393,Go Developer Intern,Mamaearth,"Pune, India",Backend Development
394,Scala Developer Intern,MoneyTap,"Delhi, India",Backend Development
395,Microservices Intern,Vedic Gradients,"Mumbai, India",Backend Development
396,Microservices Intern,1mg,"Delhi, India",Backend Development
397,Scala Developer Intern,IBM India,"Gurgaon, India",Backend Development
398,API Developer Intern,BYJU'S,"Remote, India",Backend Development
399,Spring Boot Intern,Groww,"Bangalore, India",Backend Development
400,Database Intern,Fi Money,"Gurgaon, India",Backend Development
401,FastAPI Developer Intern,MFine,"Ahmedabad, India",Backend Development
402,API Developer Intern,ShareChat,"Kolkata, India",Backend Development
403,Microservices Intern,Porter,"Noida, India",Backend Development
404,FastAPI Developer Intern,Zepto,"Noida, India",Backend Development
405,Database Intern,Zerodha,"Bangalore, India",Backend Development
406,Ruby on Rails Intern,Persistent Systems,"Gurgaon, India",Backend Development
407,FastAPI Developer Intern,Setu,"Chandigarh, India",Backend Development
408,Spring Boot Intern,Flipkart,"Jaipur, India",Backend Development
409,Backend Developer Intern,Fractal Analytics,"Hyderabad, India",Backend Development
410,API Developer Intern,KreditBee,"Delhi, India",Backend Development
411,Microservices Intern,Netmeds,"Indore, India",Backend Development
412,Scala Developer Intern,Zerodha,"Chennai, India",Backend Development
413,Scala Developer Intern,Yulu,"Mumbai, India",Backend Development
414,API Developer Intern,Mphasis,"Chennai, India",Backend Development
415,Scala Developer Intern,boAt,"Kolkata, India",Backend Development
416,Ruby on Rails Intern,Tech Mahindra,"Noida, India",Backend Development
417,Scala Developer Intern,CRED,"Indore, India",Backend Development
418,Spring Boot Intern,EarlySalary,"Gurgaon, India",Backend Development
419,FastAPI Developer Intern,Tech Mahindra,"Mumbai, India",Backend Development
420,Python Backend Intern,KreditBee,"Pune, India",Backend Development
421,Ruby on Rails Intern,Jupiter,"Mumbai, India",Backend Development
422,Database Intern,Intel India,"Gurgaon, India",Backend Development
423,Microservices Intern,Ola,"Noida, India",Backend Development
424,Python Backend Intern,Druva,"Chandigarh, India",Backend Development
425,Python Backend Intern,Druva,"Chandigarh, India",Backend Development
426,AR/VR Developer Intern,Vogo,"Gurgaon, India",Game Development
427,AR/VR Developer Intern,Ola Electric,"Pune, India",Game Development
428,Game Developer Intern,Springboard,"Indore, India",Game Development
429,Unreal Engine Intern,Mu Sigma,"Chennai, India",Game Development
430,AR/VR Developer Intern,BigHaat,"Kolkata, India",Game Development
431,Unity Developer Intern,IBM India,"Gurgaon, India",Game Development
432,Game Physics Intern,Bounce,"Bangalore, India",Game Development
433,Game Physics Intern,Paytm,"Chandigarh, India",Game Development
434,AR/VR Developer Intern,Delhivery,"Indore, India",Game Development
435,Gameplay Programmer Intern,Porter,"Coimbatore, India",Game Development
436,Game Developer Intern,Freshworks,"Coimbatore, India",Game Development
437,Game UI Developer Intern,BrowserStack,"Jaipur, India",Game Development
438,AR/VR Developer Intern,Meesho,"Remote, India",Game Development
439,Unreal Engine Intern,CRED,"Kolkata, India",Game Development
440,Game UI Developer Intern,PharmEasy,"Mumbai, India",Game Development
441,Unreal Engine Intern,Yulu,"Hyderabad, India",Game Development
442,Unity Developer Intern,Adobe India,"Jaipur, India",Game Development
443,Game UI Developer Intern,Meesho,"Jaipur, India",Game Development
444,AR/VR Developer Intern,Infosys,"Kolkata, India",Game Development
445,Game Developer Intern,DeHaat,"Remote, India",Game Development
446,Game Designer Intern,BigHaat,"Jaipur, India",Game Development
447,Gameplay Programmer Intern,Chargebee,"Mumbai, India",Game Development
448,Game UI Developer Intern,Rapido,"Kolkata, India",Game Development
449,Unity Developer Intern,BYJU'S,"Gurgaon, India",Game Development
450,AR/VR Developer Intern,Druva,"Gurgaon, India",Game Development
451,Game Developer Intern,Unacademy,"Noida, India",Game Development
452,Unity Developer Intern,slice,"Coimbatore, India",Game Development
453,Unreal Engine Intern,boAt,"Indore, India",Game Development
454,Gameplay Programmer Intern,PhonePe,"Bangalore, India",Game Development
455,Game Developer Intern,Samsung India,"Gurgaon, India",Game Development
456,Unity Developer Intern,FreshToHome,"Gurgaon, India",Game Development
457,Game Designer Intern,Wipro,"Gurgaon, India",Game Development
458,Unity Developer Intern,Josh Talks,"Jaipur, India",Game Development
459,Game UI Developer Intern,Zerodha,"Noida, India",Game Development
460,Unreal Engine Intern,Freshworks,"Bangalore, India",Game Development
461,Crypto Backend Intern,Fi Money,"Gurgaon, India",Blockchain
462,DeFi Engineer Intern,Elasticrun,"Coimbatore, India",Blockchain
463,NFT Developer Intern,Scaler,"Gurgaon, India",Blockchain
464,Smart Contract Intern,Hexaware,"Noida, India",Blockchain
465,Crypto Backend Intern,HCL,"Pune, India",Blockchain
466,Blockchain Developer Intern,Zomato,"Indore, India",Blockchain
467,Crypto Backend Intern,boAt,"Coimbatore, India",Blockchain
468,Blockchain Developer Intern,Kissht,"Chandigarh, India",Blockchain
469,Crypto Backend Intern,Scaler,"Indore, India",Blockchain
470,Blockchain Developer Intern,Persistent Systems,"Hyderabad, India",Blockchain
471,DeFi Engineer Intern,Delhivery,"Mumbai, India",Blockchain
472,DeFi Engineer Intern,Rivigo,"Ahmedabad, India",Blockchain
473,Blockchain Security Intern,BrowserStack,"Jaipur, India",Blockchain
474,Solidity Developer Intern,MoneyTap,"Chennai, India",Blockchain
475,NFT Developer Intern,Rivigo,"Jaipur, India",Blockchain
476,NFT Developer Intern,Mphasis,"Bangalore, India",Blockchain
477,Solidity Developer Intern,Fi Money,"Kolkata, India",Blockchain
478,Smart Contract Intern,Niyo,"Delhi, India",Blockchain
479,NFT Developer Intern,1mg,"Delhi, India",Blockchain
480,Crypto Backend Intern,Samsung India,"Jaipur, India",Blockchain
481,Smart Contract Intern,BrowserStack,"Delhi, India",Blockchain
482,Blockchain Security Intern,Shiprocket,"Kolkata, India",Blockchain
483,Blockchain Security Intern,Josh Talks,"Noida, India",Blockchain
484,DeFi Engineer Intern,Fractal Analytics,"Jaipur, India",Blockchain
485,Smart Contract Intern,Mu Sigma,"Hyderabad, India",Blockchain
486,DeFi Engineer Intern,upGrad,"Indore, India",Blockchain
487,Blockchain Security Intern,EarlySalary,"Jaipur, India",Blockchain
488,Smart Contract Intern,Microsoft India,"Bangalore, India",Blockchain
489,NFT Developer Intern,Nykaa,"Remote, India",Blockchain
490,Blockchain Developer Intern,Paytm,"Hyderabad, India",Blockchain
491,Smart Contract Intern,Zomato,"Noida, India",Blockchain
492,NFT Developer Intern,Locus,"Kolkata, India",Blockchain
493,Web3 Developer Intern,Urban Company,"Hyderabad, India",Blockchain
494,Web3 Developer Intern,Ola,"Ahmedabad, India",Blockchain
495,Blockchain Security Intern,Razorpay,"Mumbai, India",Blockchain
496,Solidity Developer Intern,BigHaat,"Chandigarh, India",Blockchain
497,Blockchain Security Intern,MoneyTap,"Chandigarh, India",Blockchain
498,Crypto Backend Intern,boAt,"Pune, India",Blockchain
499,Solidity Developer Intern,Flipkart,"Coimbatore, India",Blockchain
500,Crypto Backend Intern,Bounce,"Hyderabad, India",Blockchain
