job_id,skill
1,numpy
1,pytorch
1,gpt
1,tensorflow
2,python
2,deep learning
2,data analysis
3,opencv
3,data analysis
3,bert
4,pandas
4,python
4,scikit-learn
4,bert
4,ml
5,nlp
5,tensorflow
5,deep learning
6,langchain
6,pandas
6,machine learning
6,gpt
7,deep learning
7,opencv
7,neural networks
7,llm
8,deep learning
8,machine learning
8,transformers
8,numpy
8,neural networks
9,ai
9,pandas
9,statistics
10,data analysis
10,transformers
10,pandas
10,bert
11,opencv
11,gpt
11,numpy
12,llm
12,bert
12,opencv
12,numpy
13,nlp
13,ai
13,pandas
14,bert
14,nlp
14,data analysis
14,llm
14,data science
15,pandas
15,pytorch
15,numpy
16,huggingface
16,ai
16,computer vision
16,numpy
17,machine learning
17,tensorflow
17,pytorch
18,deep learning
18,ai
18,langchain
18,statistics
18,keras
19,transformers
19,gpt
19,tensorflow
20,neural networks
20,ml
20,scikit-learn
21,pandas
21,keras
21,scikit-learn
21,tensorflow
21,llm
22,data analysis
22,pytorch
22,computer vision
22,scikit-learn
22,opencv
23,python
23,tensorflow
23,computer vision
23,neural networks
24,deep learning
24,gpt
24,data science
24,opencv
24,pytorch
25,scikit-learn
25,pandas
25,keras
25,langchain
25,ml
26,bert
26,data analysis
26,neural networks
26,ai
26,transformers
27,statistics
27,tensorflow
27,numpy
27,deep learning
27,nlp
28,huggingface
28,numpy
28,python
29,numpy
29,deep learning
29,machine learning
30,pandas
30,transformers
30,data science
31,huggingface
31,data science
31,numpy
31,ml
31,data analysis
32,computer vision
32,ml
32,statistics
32,gpt
33,tensorflow
33,machine learning
33,ai
33,gpt
33,nlp
34,opencv
34,statistics
34,pytorch
35,numpy
35,deep learning
35,statistics
35,opencv
36,python
36,deep learning
36,numpy
36,scikit-learn
36,ml
37,machine learning
37,scikit-learn
37,ai
37,python
38,neural networks
38,ml
38,bert
38,gpt
39,data analysis
39,machine learning
39,huggingface
39,gpt
40,machine learning
40,huggingface
40,data science
41,scikit-learn
41,deep learning
41,langchain
42,ai
42,tensorflow
42,huggingface
43,langchain
43,deep learning
43,ml
44,bert
44,nlp
44,numpy
44,pandas
44,ai
45,statistics
45,nlp
45,deep learning
45,python
46,deep learning
46,opencv
46,data analysis
47,deep learning
47,numpy
47,computer vision
47,neural networks
48,bert
48,neural networks
48,langchain
48,llm
48,keras
49,neural networks
49,transformers
49,tensorflow
49,pytorch
49,pandas
50,pytorch
50,pandas
50,neural networks
50,langchain
50,data analysis
51,pandas
51,keras
51,data science
51,machine learning
51,deep learning
52,nlp
52,pytorch
52,llm
53,opencv
53,bert
53,ml
53,python
54,pytorch
54,opencv
54,machine learning
54,computer vision
54,huggingface
55,neural networks
55,computer vision
55,machine learning
56,transformers
56,tensorflow
56,computer vision
57,numpy
57,scikit-learn
57,ml
58,ml
58,transformers
58,gpt
58,numpy
59,tensorflow
59,ai
59,machine learning
59,data science
59,numpy
60,numpy
60,python
60,transformers
60,data analysis
61,pandas
61,computer vision
61,llm
62,nlp
62,python
62,tensorflow
62,pandas
62,scikit-learn
63,ml
63,computer vision
63,gpt
63,nlp
63,langchain
64,data analysis
64,pandas
64,machine learning
64,bert
64,ml
65,transformers
65,gpt
65,data analysis
65,computer vision
65,ml
66,langchain
66,nlp
66,transformers
66,tensorflow
67,ml
67,nlp
67,ai
67,bert
67,neural networks
68,ai
68,transformers
68,gpt
68,scikit-learn
68,langchain
69,neural networks
69,data analysis
69,ml
70,transformers
70,data analysis
70,keras
70,data science
71,node.js
71,flask
71,git
71,redis
71,jquery
72,redis
72,flask
72,angular
73,react
73,angular
73,webpack
74,jquery
74,tailwind css
74,vue.js
74,postgresql
75,jquery
75,javascript
75,html
76,git
76,graphql
76,react
77,graphql
77,css
77,redis
78,graphql
78,bootstrap
78,git
78,rest api
79,webpack
79,graphql
79,django
80,django
80,git
80,webpack
80,jquery
80,angular
81,flask
81,angular
81,django
81,php
81,next.js
82,postgresql
82,css
82,vue.js
83,next.js
83,graphql
83,rest api
83,react
84,javascript
84,tailwind css
84,postgresql
84,webpack
84,mongodb
85,next.js
85,bootstrap
85,angular
85,webpack
86,javascript
86,postgresql
86,php
86,redis
87,graphql
87,css
87,bootstrap
88,tailwind css
88,redis
88,javascript
88,node.js
89,typescript
89,react
89,django
89,postgresql
90,php
90,postgresql
90,django
90,rest api
91,next.js
91,react
91,mongodb
92,react
92,javascript
92,angular
92,vue.js
92,bootstrap
93,redis
93,html
93,tailwind css
93,vue.js
94,typescript
94,bootstrap
94,html
94,flask
95,tailwind css
95,redis
95,postgresql
95,vue.js
96,angular
96,html
96,flask
96,redis
96,bootstrap
97,react
97,mongodb
97,next.js
97,rest api
97,redis
98,php
98,javascript
98,rest api
98,webpack
98,html
99,css
99,rest api
99,typescript
99,git
100,webpack
100,graphql
100,rest api
100,tailwind css
100,django
101,django
101,graphql
101,angular
102,redis
102,postgresql
102,php
102,javascript
102,webpack
103,vue.js
103,mongodb
103,django
103,php
104,next.js
104,javascript
104,git
104,vue.js
105,webpack
105,next.js
105,angular
105,jquery
106,node.js
106,flask
106,angular
107,redis
107,tailwind css
107,mongodb
107,webpack
108,next.js
108,php
108,mongodb
108,graphql
109,html
109,vue.js
109,php
110,typescript
110,vue.js
110,webpack
110,django
110,tailwind css
111,html
111,vue.js
111,flask
111,angular
112,next.js
112,css
112,django
113,css
113,jquery
113,webpack
113,html
114,webpack
114,graphql
114,php
114,typescript
115,html
115,node.js
115,postgresql
115,webpack
116,react
116,css
116,tailwind css
116,flask
116,node.js
117,bootstrap
117,angular
117,git
117,postgresql
118,rest api
118,flask
118,tailwind css
118,bootstrap
118,react
119,jquery
119,vue.js
119,django
120,typescript
120,next.js
120,node.js
121,bootstrap
121,webpack
121,flask
121,react
122,graphql
122,node.js
122,redis
122,angular
123,vue.js
123,rest api
123,html
123,next.js
123,angular
124,css
124,node.js
124,react
124,typescript
125,tailwind css
125,flask
125,graphql
125,html
125,postgresql
126,graphql
126,node.js
126,bootstrap
126,react
127,django
127,javascript
127,node.js
127,angular
127,redis
128,redis
128,django
128,tailwind css
129,git
129,jquery
129,graphql
129,django
130,webpack
130,node.js
130,mongodb
130,rest api
130,php
131,php
131,rest api
131,webpack
132,react
132,graphql
132,node.js
132,php
132,django
133,git
133,javascript
133,redis
133,next.js
134,git
134,mongodb
134,bootstrap
135,react
135,vue.js
135,django
135,next.js
136,android studio
136,java
136,flutter
136,firebase
136,jetpack compose
137,retrofit
137,swift
137,kotlin
138,dart
138,android studio
138,git
139,android studio
139,room database
139,firebase
139,gradle
140,mvvm
140,dart
140,kotlin
141,rest api
141,flutter
141,git
141,mvvm
141,swift
142,dart
142,gradle
142,android studio
142,jetpack compose
143,ios
143,gradle
143,xml
143,mobile development
143,jetpack compose
144,swift
144,android
144,xml
145,ios
145,dart
145,android studio
145,android
146,java
146,gradle
146,room database
146,retrofit
147,dart
147,kotlin
147,android studio
147,rest api
148,kotlin
148,xml
148,ios
148,retrofit
149,kotlin
149,firebase
149,git
149,retrofit
149,jetpack compose
150,java
150,gradle
150,react native
150,git
150,retrofit
151,git
151,jetpack compose
151,retrofit
152,swift
152,react native
152,retrofit
152,mvvm
152,android
153,firebase
153,android studio
153,dart
153,room database
153,retrofit
154,flutter
154,gradle
154,git
154,react native
154,android
155,swift
155,rest api
155,gradle
155,git
156,java
156,firebase
156,ios
156,jetpack compose
157,flutter
157,ios
157,rest api
157,room database
158,android
158,android studio
158,git
158,firebase
158,mvvm
159,rest api
159,dart
159,java
160,android
160,jetpack compose
160,dart
160,kotlin
161,react native
161,mobile development
161,dart
161,jetpack compose
162,react native
162,rest api
162,android studio
162,git
163,dart
163,firebase
163,ios
164,flutter
164,rest api
164,java
164,gradle
165,rest api
165,ios
165,jetpack compose
165,java
165,xml
166,retrofit
166,xml
166,firebase
166,kotlin
166,room database
167,swift
167,java
167,dart
167,android
167,flutter
168,firebase
168,retrofit
168,dart
169,retrofit
169,swift
169,dart
169,room database
169,xml
170,rest api
170,android
170,jetpack compose
170,mobile development
171,java
171,jetpack compose
171,retrofit
171,android
172,gradle
172,kotlin
172,mobile development
173,firebase
173,dart
173,mobile development
173,kotlin
174,firebase
174,xml
174,dart
175,dart
175,retrofit
175,rest api
176,dart
176,flutter
176,jetpack compose
177,react native
177,rest api
177,android
178,java
178,kotlin
178,android studio
178,gradle
178,ios
179,gradle
179,mvvm
179,firebase
180,mvvm
180,git
180,gradle
180,flutter
180,android studio
181,java
181,android studio
181,gradle
181,kotlin
181,mvvm
182,kotlin
182,dart
182,rest api
183,xml
183,ios
183,mvvm
183,git
183,firebase
184,java
184,retrofit
184,mobile development
185,swift
185,xml
185,gradle
186,mongodb
186,gcp
186,bigquery
187,snowflake
187,spark
187,gcp
187,hadoop
187,data warehousing
188,tableau
188,mongodb
188,bigquery
188,hadoop
188,gcp
189,sql
189,mysql
189,looker
189,data warehousing
190,kafka
190,bigquery
190,snowflake
191,data warehousing
191,hadoop
191,postgresql
191,power bi
191,etl
192,looker
192,bigquery
192,redshift
192,tableau
192,python
193,postgresql
193,python
193,airflow
193,mysql
193,mongodb
194,power bi
194,bigquery
194,aws
195,python
195,spark
195,dbt
195,data pipelines
195,aws
196,data warehousing
196,mysql
196,mongodb
197,kafka
197,airflow
197,looker
198,azure
198,bigquery
198,gcp
198,snowflake
199,data pipelines
199,dbt
199,hadoop
199,data warehousing
200,bigquery
200,power bi
200,snowflake
200,dbt
200,mysql
201,sql
201,python
201,data pipelines
201,mysql
201,kafka
202,python
202,snowflake
202,gcp
203,etl
203,dbt
203,tableau
203,bigquery
203,data warehousing
204,sql
204,gcp
204,python
204,azure
204,spark
205,aws
205,redshift
205,gcp
205,mysql
205,hadoop
206,looker
206,azure
206,data warehousing
207,etl
207,gcp
207,power bi
208,mysql
208,mongodb
208,etl
208,airflow
209,dbt
209,data pipelines
209,data warehousing
210,kafka
210,etl
210,hadoop
210,postgresql
210,data pipelines
211,spark
211,airflow
211,redshift
211,snowflake
211,azure
212,power bi
212,redshift
212,looker
212,mongodb
212,kafka
213,redshift
213,mysql
213,postgresql
213,power bi
214,mysql
214,azure
214,sql
215,spark
215,redshift
215,looker
215,dbt
216,sql
216,azure
216,power bi
216,redshift
216,data pipelines
217,kafka
217,sql
217,azure
217,hadoop
217,mongodb
218,sql
218,etl
218,azure
219,airflow
219,data warehousing
219,mysql
219,aws
219,gcp
220,redshift
220,mongodb
220,spark
221,aws
221,mysql
221,postgresql
221,bigquery
221,looker
222,bigquery
222,kafka
222,data warehousing
222,mysql
222,redshift
223,spark
223,mysql
223,tableau
223,aws
223,redshift
224,bigquery
224,dbt
224,spark
224,redshift
224,gcp
225,mysql
225,airflow
225,data pipelines
225,mongodb
226,kafka
226,spark
226,mysql
227,dbt
227,sql
227,bigquery
227,mongodb
227,looker
228,airflow
228,looker
228,azure
229,etl
229,azure
229,looker
229,mysql
229,tableau
230,data pipelines
230,data warehousing
230,bigquery
230,power bi
231,devops
231,prometheus
231,gitlab
231,cloud computing
232,kubernetes
232,linux
232,azure
232,git
232,monitoring
233,docker
233,bash
233,gcp
233,terraform
233,linux
234,gcp
234,jenkins
234,networking
234,monitoring
235,prometheus
235,monitoring
235,jenkins
235,devops
236,ansible
236,docker
236,github actions
237,git
237,kubernetes
237,github actions
237,networking
238,aws
238,linux
238,ci/cd
239,prometheus
239,cloud computing
239,docker
239,bash
239,jenkins
240,cloud computing
240,gitlab
240,networking
241,gitlab
241,grafana
241,aws
241,prometheus
242,bash
242,cloud computing
242,aws
243,cloud computing
243,terraform
243,gcp
243,prometheus
243,monitoring
244,prometheus
244,grafana
244,aws
244,devops
244,git
245,linux
245,aws
245,monitoring
245,gcp
246,github actions
246,docker
246,helm
246,ansible
246,kubernetes
247,github actions
247,terraform
247,networking
247,git
248,gcp
248,networking
248,azure
249,azure
249,ansible
249,bash
250,git
250,linux
250,azure
250,ci/cd
250,bash
251,ansible
251,linux
251,docker
251,monitoring
251,cloud computing
252,ansible
252,terraform
252,git
252,helm
253,cloud computing
253,gcp
253,github actions
254,ansible
254,docker
254,gcp
254,github actions
255,gitlab
255,cloud computing
255,terraform
255,networking
256,monitoring
256,gitlab
256,cloud computing
256,linux
256,azure
257,monitoring
257,prometheus
257,terraform
257,aws
258,azure
258,kubernetes
258,gcp
258,jenkins
259,helm
259,azure
259,kubernetes
259,networking
260,helm
260,kubernetes
260,prometheus
261,linux
261,jenkins
261,docker
261,aws
261,terraform
262,docker
262,linux
262,gitlab
262,networking
262,ci/cd
263,ci/cd
263,docker
263,kubernetes
263,gcp
264,networking
264,gcp
264,ansible
264,monitoring
264,gitlab
265,terraform
265,github actions
265,monitoring
265,prometheus
266,jenkins
266,git
266,aws
267,networking
267,grafana
267,kubernetes
267,gcp
268,git
268,prometheus
268,cloud computing
268,helm
268,gcp
269,networking
269,github actions
269,prometheus
270,github actions
270,helm
270,terraform
270,kubernetes
270,cloud computing
271,prometheus
271,kubernetes
271,bash
272,jenkins
272,monitoring
272,prometheus
272,bash
272,gcp
273,linux
273,kubernetes
273,bash
273,grafana
273,gcp
274,helm
274,kubernetes
274,terraform
274,ansible
274,azure
275,helm
275,linux
275,ci/cd
275,cloud computing
275,aws
276,github actions
276,bash
276,git
276,jenkins
277,gcp
277,azure
277,terraform
277,networking
278,ansible
278,gitlab
278,kubernetes
279,monitoring
279,devops
279,kubernetes
279,github actions
279,prometheus
280,networking
280,docker
280,linux
281,azure
281,bash
281,devops
282,ansible
282,helm
282,github actions
283,networking
283,git
283,bash
283,gitlab
283,aws
284,jenkins
284,ci/cd
284,helm
284,monitoring
285,gitlab
285,git
285,bash
285,grafana
286,wireshark
286,siem
286,cryptography
287,ethical hacking
287,kali linux
287,python
287,wireshark
288,metasploit
288,wireshark
288,burp suite
288,firewall
288,security operations
289,cryptography
289,siem
289,owasp
290,kali linux
290,cryptography
290,wireshark
291,security operations
291,nmap
291,wireshark
292,linux
292,security operations
292,metasploit
292,firewall
292,python
293,firewall
293,security operations
293,wireshark
293,burp suite
293,metasploit
294,firewall
294,nmap
294,burp suite
294,cybersecurity
294,python
295,firewall
295,cybersecurity
295,owasp
295,vulnerability assessment
296,vulnerability assessment
296,ethical hacking
296,firewall
296,owasp
296,penetration testing
297,cryptography
297,linux
297,burp suite
297,security operations
297,network security
298,kali linux
298,cybersecurity
298,vulnerability assessment
299,kali linux
299,burp suite
299,wireshark
299,cryptography
300,ethical hacking
300,linux
300,wireshark
300,network security
300,metasploit
301,cryptography
301,security operations
301,penetration testing
301,vulnerability assessment
301,wireshark
302,wireshark
302,nmap
302,network security
302,metasploit
302,linux
303,firewall
303,kali linux
303,siem
303,metasploit
304,wireshark
304,firewall
304,ethical hacking
304,nmap
305,siem
305,linux
305,nmap
305,cybersecurity
306,metasploit
306,wireshark
306,siem
306,vulnerability assessment
307,wireshark
307,owasp
307,penetration testing
307,ethical hacking
307,firewall
308,owasp
308,vulnerability assessment
308,security operations
309,security operations
309,nmap
309,ethical hacking
309,owasp
310,burp suite
310,nmap
310,vulnerability assessment
311,firewall
311,ethical hacking
311,metasploit
311,cryptography
312,ethical hacking
312,python
312,kali linux
313,nmap
313,python
313,metasploit
313,siem
314,network security
314,security operations
314,linux
314,vulnerability assessment
315,owasp
315,metasploit
315,linux
316,metasploit
316,wireshark
316,siem
317,firewall
317,kali linux
317,penetration testing
317,owasp
318,penetration testing
318,cryptography
318,security operations
318,ethical hacking
319,vulnerability assessment
319,cybersecurity
319,linux
319,kali linux
320,security operations
320,firewall
320,nmap
320,siem
321,siem
321,vulnerability assessment
321,cybersecurity
321,security operations
321,ethical hacking
322,owasp
322,firewall
322,siem
322,ethical hacking
323,vulnerability assessment
323,linux
323,owasp
324,siem
324,burp suite
324,owasp
324,wireshark
324,vulnerability assessment
325,vulnerability assessment
325,penetration testing
325,wireshark
326,ux design
326,zeplin
326,adobe illustrator
326,ui design
327,user research
327,adobe illustrator
327,sketch
327,ux design
327,after effects
328,user research
328,interaction design
328,adobe illustrator
329,zeplin
329,after effects
329,figma
329,design thinking
329,ux design
330,ui design
330,sketch
330,design thinking
330,photoshop
330,wireframing
331,user research
331,adobe illustrator
331,ui design
332,ux design
332,sketch
332,figma
332,ui design
332,design thinking
333,wireframing
333,after effects
333,photoshop
334,zeplin
334,principle
334,user research
334,invision
335,wireframing
335,photoshop
335,principle
335,adobe xd
335,ui design
336,wireframing
336,interaction design
336,prototyping
336,figma
336,after effects
337,principle
337,sketch
337,user research
337,prototyping
337,after effects
338,user research
338,zeplin
338,interaction design
338,after effects
339,principle
339,adobe illustrator
339,after effects
339,figma
339,prototyping
340,ui design
340,design thinking
340,adobe illustrator
340,photoshop
340,interaction design
341,after effects
341,design thinking
341,prototyping
342,wireframing
342,sketch
342,invision
343,photoshop
343,prototyping
343,wireframing
343,ux design
344,sketch
344,figma
344,invision
344,adobe illustrator
345,invision
345,figma
345,adobe xd
345,photoshop
346,principle
346,user research
346,ux design
346,wireframing
346,zeplin
347,design thinking
347,principle
347,prototyping
347,wireframing
348,principle
348,user research
348,sketch
349,sketch
349,prototyping
349,adobe xd
350,ux design
350,sketch
350,interaction design
350,prototyping
351,ui design
351,principle
351,invision
351,prototyping
351,adobe illustrator
352,photoshop
352,wireframing
352,figma
353,invision
353,zeplin
353,prototyping
354,design thinking
354,sketch
354,adobe xd
354,after effects
355,interaction design
355,wireframing
355,zeplin
355,adobe xd
355,sketch
356,invision
356,after effects
356,principle
356,adobe xd
356,prototyping
357,design thinking
357,interaction design
357,ux design
358,principle
358,wireframing
358,ux design
358,prototyping
358,adobe xd
359,invision
359,sketch
359,photoshop
360,invision
360,design thinking
360,ux design
360,interaction design
361,invision
361,ux design
361,sketch
361,photoshop
361,figma
362,ui design
362,after effects
362,figma
363,design thinking
363,ui design
363,interaction design
363,ux design
363,figma
364,ui design
364,adobe illustrator
364,photoshop
364,principle
365,figma
365,invision
365,sketch
365,principle
366,mysql
366,rabbitmq
366,redis
366,python
366,kafka
367,rust
367,elasticsearch
367,kafka
368,kafka
368,mysql
368,rest api
368,graphql
368,microservices
369,grpc
369,postgresql
369,graphql
369,redis
370,java
370,go
370,microservices
370,grpc
370,rabbitmq
371,python
371,fastapi
371,go
371,linux
371,docker
372,kafka
372,java
372,postgresql
373,linux
373,mysql
373,java
373,go
373,graphql
374,fastapi
374,mongodb
374,python
375,microservices
375,go
375,redis
375,fastapi
375,postgresql
376,mongodb
376,microservices
376,spring boot
376,go
376,kafka
377,docker
377,postgresql
377,go
378,graphql
378,microservices
378,mongodb
378,python
378,mysql
379,rabbitmq
379,microservices
379,docker
379,fastapi
380,go
380,graphql
380,redis
380,postgresql
381,spring boot
381,microservices
381,elasticsearch
381,graphql
382,python
382,redis
382,git
383,go
383,fastapi
383,docker
384,docker
384,rust
384,python
384,go
384,rest api
385,mongodb
385,microservices
385,python
385,redis
385,docker
386,postgresql
386,grpc
386,kafka
386,fastapi
386,microservices
387,mysql
387,linux
387,spring boot
387,go
388,redis
388,linux
388,go
388,rest api
389,linux
389,graphql
389,django
389,git
389,rust
390,mongodb
390,graphql
390,microservices
390,elasticsearch
391,graphql
391,spring boot
391,redis
391,mongodb
391,django
392,mongodb
392,redis
392,linux
392,postgresql
393,rest api
393,rust
393,grpc
393,django
394,rabbitmq
394,python
394,git
394,django
394,grpc
395,linux
395,spring boot
395,redis
395,postgresql
396,docker
396,microservices
396,go
396,git
396,linux
397,docker
397,rabbitmq
397,java
397,rest api
397,go
398,rest api
398,fastapi
398,java
398,microservices
398,mongodb
399,mysql
399,postgresql
399,kafka
400,grpc
400,postgresql
400,git
400,rest api
400,microservices
401,kafka
401,spring boot
401,rest api
401,python
401,linux
402,rust
402,spring boot
402,rest api
403,kafka
403,linux
403,rest api
404,git
404,mongodb
404,go
404,redis
404,java
405,elasticsearch
405,rust
405,fastapi
405,postgresql
406,mongodb
406,rabbitmq
406,docker
407,elasticsearch
407,fastapi
407,graphql
407,docker
408,django
408,git
408,grpc
408,docker
408,microservices
409,mysql
409,go
409,grpc
410,mongodb
410,django
410,git
410,rust
411,kafka
411,mongodb
411,microservices
411,grpc
412,git
412,graphql
412,fastapi
412,redis
413,spring boot
413,mongodb
413,rust
413,postgresql
413,redis
414,spring boot
414,kafka
414,microservices
414,docker
414,elasticsearch
415,linux
415,rabbitmq
415,fastapi
416,spring boot
416,fastapi
416,mongodb
416,git
417,python
417,linux
417,spring boot
417,django
418,linux
418,docker
418,elasticsearch
418,graphql
418,git
419,python
419,postgresql
419,redis
419,java
419,mysql
420,git
420,grpc
420,linux
421,rust
421,mysql
421,rabbitmq
421,rest api
421,java
422,docker
422,rust
422,postgresql
423,rest api
423,go
423,git
423,rust
424,grpc
424,rest api
424,docker
424,fastapi
424,spring boot
425,grpc
425,rest api
425,rabbitmq
426,game design
426,physics simulation
426,game development
427,c++
427,c#
427,shader programming
427,webgl
427,blender
428,game development
428,physics simulation
428,webgl
428,c#
428,c++
429,shader programming
429,ar
429,c#
430,three.js
430,unreal engine
430,game design
430,shader programming
431,vr
431,physics simulation
431,3d modeling
431,ar
431,shader programming
432,c#
432,physics simulation
432,ar
432,game design
432,shader programming
433,shader programming
433,c++
433,blender
433,three.js
433,ar
434,game design
434,vr
434,opengl
434,c#
435,unreal engine
435,unity
435,animation
435,game design
435,ar
436,three.js
436,ar
436,unity
437,opengl
437,c#
437,webgl
438,vr
438,unreal engine
438,3d modeling
438,game design
439,opengl
439,physics simulation
439,three.js
439,shader programming
439,c++
440,c++
440,unity
440,animation
440,ar
440,unreal engine
441,three.js
441,unity
441,animation
441,physics simulation
441,3d modeling
442,animation
442,unreal engine
442,c++
443,c++
443,3d modeling
443,three.js
444,game development
444,unreal engine
444,vr
445,three.js
445,3d modeling
445,physics simulation
446,webgl
446,opengl
446,game design
447,game development
447,shader programming
447,unreal engine
448,game development
448,c++
448,animation
448,game design
449,opengl
449,shader programming
449,physics simulation
449,unity
449,game design
450,blender
450,physics simulation
450,animation
450,game development
450,game design
451,c++
451,animation
451,ar
451,game design
452,physics simulation
452,three.js
452,3d modeling
453,webgl
453,3d modeling
453,vr
453,game design
453,c#
454,c#
454,unity
454,game development
454,c++
454,three.js
455,webgl
455,blender
455,physics simulation
455,three.js
456,game development
456,animation
456,unreal engine
456,three.js
456,webgl
457,shader programming
457,opengl
457,game design
457,animation
458,ar
458,unity
458,c++
458,unreal engine
459,unreal engine
459,game development
459,game design
459,physics simulation
459,webgl
460,game development
460,physics simulation
460,unity
460,c#
460,ar
461,javascript
461,ethereum
461,defi
461,rust
461,hardhat
462,blockchain
462,defi
462,metamask
463,javascript
463,hardhat
463,python
464,hardhat
464,blockchain
464,cryptography
464,python
464,ethereum
465,web3.js
465,polkadot
465,hardhat
466,cryptography
466,blockchain
466,polkadot
467,defi
467,rust
467,ipfs
468,ipfs
468,web3.js
468,defi
468,rust
468,nft
469,hardhat
469,solidity
469,javascript
470,solidity
470,nft
470,polkadot
470,cryptography
470,smart contracts
471,rust
471,blockchain
471,defi
471,web3.js
471,smart contracts
472,rust
472,defi
472,python
473,cryptography
473,ethereum
473,blockchain
473,nft
473,ipfs
474,blockchain
474,defi
474,polkadot
474,metamask
474,truffle
475,web3.js
475,polkadot
475,javascript
475,rust
476,javascript
476,solidity
476,blockchain
477,hardhat
477,cryptography
477,polkadot
477,solidity
477,python
478,metamask
478,solidity
478,python
478,ipfs
478,blockchain
479,python
479,smart contracts
479,ipfs
480,truffle
480,defi
480,cryptography
480,smart contracts
480,web3.js
481,web3.js
481,ethereum
481,solidity
481,rust
481,cryptography
482,hardhat
482,metamask
482,web3.js
483,web3.js
483,solidity
483,ethereum
483,metamask
484,solidity
484,web3.js
484,ipfs
484,defi
484,ethereum
485,metamask
485,javascript
485,blockchain
485,truffle
486,blockchain
486,nft
486,ipfs
487,cryptography
487,solidity
487,polkadot
487,rust
487,ethereum
488,smart contracts
488,web3.js
488,ipfs
489,ethereum
489,python
489,rust
489,smart contracts
489,solidity
490,rust
490,metamask
490,ethereum
490,solidity
490,defi
491,defi
491,rust
491,python
492,blockchain
492,nft
492,truffle
492,rust
493,javascript
493,smart contracts
493,cryptography
494,cryptography
494,truffle
494,smart contracts
494,polkadot
494,nft
495,metamask
495,ethereum
495,nft
495,web3.js
496,blockchain
496,nft
496,metamask
496,hardhat
496,defi
497,hardhat
497,rust
497,python
497,javascript
498,blockchain
498,defi
498,python
499,solidity
499,metamask
499,cryptography
499,javascript
500,web3.js
500,polkadot
500,truffle
